Date,Total Revenue Forecast (Rf_Gc_Ba),Total Revenue Forecast (Rc_Gc_Bd),Total Revenue Forecast (Rf_Ga_Bc),Total Revenue Forecast (Ra_Gc_Bc),Total Revenue Forecast (Rf_Gc_Be),Total Revenue Forecast (Rd_Gc_Bf),Total Revenue Forecast (Rd_Gb_Ba),Total Revenue Forecast (Rb_Ga_Bc),Total Revenue Forecast (Rf_Gc_Ba).1,Total Revenue Forecast (Re_Gb_Be),Total Revenue Forecast (Rf_Gc_Ba).2,Total Revenue Forecast (Rc_Gc_Bd).1,Total Revenue Forecast (Rf_Ga_Bc).1,Total Revenue Forecast (Ra_Gc_Bc).1,Total Revenue Forecast (Rf_Gc_Be).1,Total Revenue Forecast (Rd_Gc_Bf).1,Total Revenue Forecast (Rd_Gb_Ba).1,Total Revenue Forecast (Rb_Ga_Bc).1,Total Revenue Forecast (Rf_Gc_Ba).3,Total Revenue Forecast (Re_Gb_Be).1,Total Revenue Forecast (Rf_Gc_Ba).4,Total Revenue Forecast (Rc_Gc_Bd).2,Total Revenue Forecast (Rf_Ga_Bc).2,Total Revenue Forecast (Ra_Gc_Bc).2,Total Revenue Forecast (Rf_Gc_Be).2,Total Revenue Forecast (Rd_Gc_Bf).2,Total Revenue Forecast (Rd_Gb_Ba).2,Total Revenue Forecast (Rb_Ga_Bc).2,Total Revenue Forecast (Rf_Gc_Ba).5,Total Revenue Forecast (Re_Gb_Be).2,Total Revenue Forecast (Rf_Gc_Ba).6,Total Revenue Forecast (Rc_Gc_Bd).3,Total Revenue Forecast (Rf_Ga_Bc).3,Total Revenue Forecast (Ra_Gc_Bc).3,Total Revenue Forecast (Rf_Gc_Be).3,Total Revenue Forecast (Rd_Gc_Bf).3,Total Revenue Forecast (Rd_Gb_Ba).3,Total Revenue Forecast (Rb_Ga_Bc).3,Total Revenue Forecast (Rf_Gc_Ba).7,Total Revenue Forecast (Re_Gb_Be).3,Total Revenue Forecast (Rf_Gc_Ba).8,Total Revenue Forecast (Rc_Gc_Bd).4,Total Revenue Forecast (Rf_Ga_Bc).4,Total Revenue Forecast (Ra_Gc_Bc).4,Total Revenue Forecast (Rf_Gc_Be).4,Total Revenue Forecast (Rd_Gc_Bf).4,Total Revenue Forecast (Rd_Gb_Ba).4,Total Revenue Forecast (Rb_Ga_Bc).4,Total Revenue Forecast (Rf_Gc_Ba).9,Total Revenue Forecast (Re_Gb_Be).4,Total Revenue Forecast (Rf_Gc_Ba).10,Total Revenue Forecast (Rc_Gc_Bd).5,Total Revenue Forecast (Rf_Ga_Bc).5,Total Revenue Forecast (Ra_Gc_Bc).5,Total Revenue Forecast (Rf_Gc_Be).5,Total Revenue Forecast (Rd_Gc_Bf).5,Total Revenue Forecast (Rd_Gb_Ba).5,Total Revenue Forecast (Rb_Ga_Bc).5,Total Revenue Forecast (Rf_Gc_Ba).11,Total Revenue Forecast (Re_Gb_Be).5,Total Revenue Forecast (Rf_Gc_Ba).12,Total Revenue Forecast (Rc_Gc_Bd).6,Total Revenue Forecast (Rf_Ga_Bc).6,Total Revenue Forecast (Ra_Gc_Bc).6,Total Revenue Forecast (Rf_Gc_Be).6,Total Revenue Forecast (Rd_Gc_Bf).6,Total Revenue Forecast (Rd_Gb_Ba).6,Total Revenue Forecast (Rb_Ga_Bc).6,Total Revenue Forecast (Rf_Gc_Ba).13,Total Revenue Forecast (Re_Gb_Be).6,Total Revenue Forecast (Rf_Gc_Ba).14,Total Revenue Forecast (Rc_Gc_Bd).7,Total Revenue Forecast (Rf_Ga_Bc).7,Total Revenue Forecast (Ra_Gc_Bc).7,Total Revenue Forecast (Rf_Gc_Be).7,Total Revenue Forecast (Rd_Gc_Bf).7,Total Revenue Forecast (Rd_Gb_Ba).7,Total Revenue Forecast (Rb_Ga_Bc).7,Total Revenue Forecast (Rf_Gc_Ba).15,Total Revenue Forecast (Re_Gb_Be).7,Total Revenue Forecast (Rf_Gc_Ba).16,Total Revenue Forecast (Rc_Gc_Bd).8,Total Revenue Forecast (Rf_Ga_Bc).8,Total Revenue Forecast (Ra_Gc_Bc).8,Total Revenue Forecast (Rf_Gc_Be).8,Total Revenue Forecast (Rd_Gc_Bf).8,Total Revenue Forecast (Rd_Gb_Ba).8,Total Revenue Forecast (Rb_Ga_Bc).8,Total Revenue Forecast (Rf_Gc_Ba).17,Total Revenue Forecast (Re_Gb_Be).8,Total Revenue Forecast (Rf_Gc_Ba).18,Total Revenue Forecast (Rc_Gc_Bd).9,Total Revenue Forecast (Rf_Ga_Bc).9,Total Revenue Forecast (Ra_Gc_Bc).9,Total Revenue Forecast (Rf_Gc_Be).9,Total Revenue Forecast (Rd_Gc_Bf).9,Total Revenue Forecast (Rd_Gb_Ba).9,Total Revenue Forecast (Rb_Ga_Bc).9,Total Revenue Forecast (Rf_Gc_Ba).19,Total Revenue Forecast (Re_Gb_Be).9,Total Revenue Forecast (Rf_Gc_Ba).20,Total Revenue Forecast (Rc_Gc_Bd).10,Total Revenue Forecast (Rf_Ga_Bc).10,Total Revenue Forecast (Ra_Gc_Bc).10,Total Revenue Forecast (Rf_Gc_Be).10,Total Revenue Forecast (Rd_Gc_Bf).10,Total Revenue Forecast (Rd_Gb_Ba).10,Total Revenue Forecast (Rb_Ga_Bc).10,Total Revenue Forecast (Rf_Gc_Ba).21,Total Revenue Forecast (Re_Gb_Be).10,Total Revenue Forecast (Rf_Gc_Ba).22,Total Revenue Forecast (Rc_Gc_Bd).11,Total Revenue Forecast (Rf_Ga_Bc).11,Total Revenue Forecast (Ra_Gc_Bc).11,Total Revenue Forecast (Rf_Gc_Be).11,Total Revenue Forecast (Rd_Gc_Bf).11,Total Revenue Forecast (Rd_Gb_Ba).11,Total Revenue Forecast (Rb_Ga_Bc).11,Total Revenue Forecast (Rf_Gc_Ba).23,Total Revenue Forecast (Re_Gb_Be).11,Total Revenue Forecast (Rf_Gc_Ba).24,Total Revenue Forecast (Rc_Gc_Bd).12,Total Revenue Forecast (Rf_Ga_Bc).12,Total Revenue Forecast (Ra_Gc_Bc).12,Total Revenue Forecast (Rf_Gc_Be).12,Total Revenue Forecast (Rd_Gc_Bf).12,Total Revenue Forecast (Rd_Gb_Ba).12,Total Revenue Forecast (Rb_Ga_Bc).12,Total Revenue Forecast (Rf_Gc_Ba).25,Total Revenue Forecast (Re_Gb_Be).12,Total Revenue Forecast (Rf_Gc_Ba).26,Total Revenue Forecast (Rc_Gc_Bd).13,Total Revenue Forecast (Rf_Ga_Bc).13,Total Revenue Forecast (Ra_Gc_Bc).13,Total Revenue Forecast (Rf_Gc_Be).13,Total Revenue Forecast (Rd_Gc_Bf).13,Total Revenue Forecast (Rd_Gb_Ba).13,Total Revenue Forecast (Rb_Ga_Bc).13,Total Revenue Forecast (Rf_Gc_Ba).27,Total Revenue Forecast (Re_Gb_Be).13,Total Revenue Forecast (Rf_Gc_Ba).28,Total Revenue Forecast (Rc_Gc_Bd).14,Total Revenue Forecast (Rf_Ga_Bc).14,Total Revenue Forecast (Ra_Gc_Bc).14,Total Revenue Forecast (Rf_Gc_Be).14,Total Revenue Forecast (Rd_Gc_Bf).14,Total Revenue Forecast (Rd_Gb_Ba).14,Total Revenue Forecast (Rb_Ga_Bc).14,Total Revenue Forecast (Rf_Gc_Ba).29,Total Revenue Forecast (Re_Gb_Be).14,Total Revenue Forecast (Rf_Gc_Ba).30,Total Revenue Forecast (Rc_Gc_Bd).15,Total Revenue Forecast (Rf_Ga_Bc).15,Total Revenue Forecast (Ra_Gc_Bc).15,Total Revenue Forecast (Rf_Gc_Be).15,Total Revenue Forecast (Rd_Gc_Bf).15,Total Revenue Forecast (Rd_Gb_Ba).15,Total Revenue Forecast (Rb_Ga_Bc).15,Total Revenue Forecast (Rf_Gc_Ba).31,Total Revenue Forecast (Re_Gb_Be).15,Total Revenue Forecast (Rf_Gc_Ba).32,Total Revenue Forecast (Rc_Gc_Bd).16,Total Revenue Forecast (Rf_Ga_Bc).16,Total Revenue Forecast (Ra_Gc_Bc).16,Total Revenue Forecast (Rf_Gc_Be).16,Total Revenue Forecast (Rd_Gc_Bf).16,Total Revenue Forecast (Rd_Gb_Ba).16,Total Revenue Forecast (Rb_Ga_Bc).16,Total Revenue Forecast (Rf_Gc_Ba).33,Total Revenue Forecast (Re_Gb_Be).16,Total Revenue Forecast (Rf_Gc_Ba).34,Total Revenue Forecast (Rc_Gc_Bd).17,Total Revenue Forecast (Rf_Ga_Bc).17,Total Revenue Forecast (Ra_Gc_Bc).17,Total Revenue Forecast (Rf_Gc_Be).17,Total Revenue Forecast (Rd_Gc_Bf).17,Total Revenue Forecast (Rd_Gb_Ba).17,Total Revenue Forecast (Rb_Ga_Bc).17,Total Revenue Forecast (Rf_Gc_Ba).35,Total Revenue Forecast (Re_Gb_Be).17,Total Revenue Forecast (Rf_Gc_Ba).36,Total Revenue Forecast (Rc_Gc_Bd).18,Total Revenue Forecast (Rf_Ga_Bc).18,Total Revenue Forecast (Ra_Gc_Bc).18,Total Revenue Forecast (Rf_Gc_Be).18,Total Revenue Forecast (Rd_Gc_Bf).18,Total Revenue Forecast (Rd_Gb_Ba).18,Total Revenue Forecast (Rb_Ga_Bc).18,Total Revenue Forecast (Rf_Gc_Ba).37,Total Revenue Forecast (Re_Gb_Be).18,Total Revenue Forecast (Rf_Gc_Ba).38,Total Revenue Forecast (Rc_Gc_Bd).19,Total Revenue Forecast (Rf_Ga_Bc).19,Total Revenue Forecast (Ra_Gc_Bc).19,Total Revenue Forecast (Rf_Gc_Be).19,Total Revenue Forecast (Rd_Gc_Bf).19,Total Revenue Forecast (Rd_Gb_Ba).19,Total Revenue Forecast (Rb_Ga_Bc).19,Total Revenue Forecast (Rf_Gc_Ba).39,Total Revenue Forecast (Re_Gb_Be).19,Total Revenue Forecast (Rf_Gc_Ba).40,Total Revenue Forecast (Rc_Gc_Bd).20,Total Revenue Forecast (Rf_Ga_Bc).20,Total Revenue Forecast (Ra_Gc_Bc).20,Total Revenue Forecast (Rf_Gc_Be).20,Total Revenue Forecast (Rd_Gc_Bf).20,Total Revenue Forecast (Rd_Gb_Ba).20,Total Revenue Forecast (Rb_Ga_Bc).20,Total Revenue Forecast (Rf_Gc_Ba).41,Total Revenue Forecast (Re_Gb_Be).20,Total Revenue Forecast (Rf_Gc_Ba).42,Total Revenue Forecast (Rc_Gc_Bd).21,Total Revenue Forecast (Rf_Ga_Bc).21,Total Revenue Forecast (Ra_Gc_Bc).21,Total Revenue Forecast (Rf_Gc_Be).21,Total Revenue Forecast (Rd_Gc_Bf).21,Total Revenue Forecast (Rd_Gb_Ba).21,Total Revenue Forecast (Rb_Ga_Bc).21,Total Revenue Forecast (Rf_Gc_Ba).43,Total Revenue Forecast (Re_Gb_Be).21,Total Revenue Forecast (Rf_Gc_Ba).44,Total Revenue Forecast (Rc_Gc_Bd).22,Total Revenue Forecast (Rf_Ga_Bc).22,Total Revenue Forecast (Ra_Gc_Bc).22,Total Revenue Forecast (Rf_Gc_Be).22,Total Revenue Forecast (Rd_Gc_Bf).22,Total Revenue Forecast (Rd_Gb_Ba).22,Total Revenue Forecast (Rb_Ga_Bc).22,Total Revenue Forecast (Rf_Gc_Ba).45,Total Revenue Forecast (Re_Gb_Be).22,Total Revenue Forecast (Rf_Gc_Ba).46,Total Revenue Forecast (Rc_Gc_Bd).23,Total Revenue Forecast (Rf_Ga_Bc).23,Total Revenue Forecast (Ra_Gc_Bc).23,Total Revenue Forecast (Rf_Gc_Be).23,Total Revenue Forecast (Rd_Gc_Bf).23,Total Revenue Forecast (Rd_Gb_Ba).23,Total Revenue Forecast (Rb_Ga_Bc).23,Total Revenue Forecast (Rf_Gc_Ba).47,Total Revenue Forecast (Re_Gb_Be).23,Total Revenue Forecast (Rf_Gc_Ba).48,Total Revenue Forecast (Rc_Gc_Bd).24,Total Revenue Forecast (Rf_Ga_Bc).24,Total Revenue Forecast (Ra_Gc_Bc).24,Total Revenue Forecast (Rf_Gc_Be).24,Total Revenue Forecast (Rd_Gc_Bf).24,Total Revenue Forecast (Rd_Gb_Ba).24,Total Revenue Forecast (Rb_Ga_Bc).24,Total Revenue Forecast (Rf_Gc_Ba).49,Total Revenue Forecast (Re_Gb_Be).24,Total Revenue Forecast (Rf_Gc_Ba).50,Total Revenue Forecast (Rc_Gc_Bd).25,Total Revenue Forecast (Rf_Ga_Bc).25,Total Revenue Forecast (Ra_Gc_Bc).25,Total Revenue Forecast (Rf_Gc_Be).25,Total Revenue Forecast (Rd_Gc_Bf).25,Total Revenue Forecast (Rd_Gb_Ba).25,Total Revenue Forecast (Rb_Ga_Bc).25,Total Revenue Forecast (Rf_Gc_Ba).51,Total Revenue Forecast (Re_Gb_Be).25,Total Revenue Forecast (Rf_Gc_Ba).52,Total Revenue Forecast (Rc_Gc_Bd).26,Total Revenue Forecast (Rf_Ga_Bc).26,Total Revenue Forecast (Ra_Gc_Bc).26,Total Revenue Forecast (Rf_Gc_Be).26,Total Revenue Forecast (Rd_Gc_Bf).26,Total Revenue Forecast (Rd_Gb_Ba).26,Total Revenue Forecast (Rb_Ga_Bc).26,Total Revenue Forecast (Rf_Gc_Ba).53,Total Revenue Forecast (Re_Gb_Be).26
2025,22.133871128878422,15.484756013046992,20.314257937563454,27.02618937627487,12.157789748830462,15.823183865293698,25.995483200736114,28.17859698926598,,12.514177472243304,,,,,,,,,,,,,,,,,,,,,,,,,,,,,,,,,,,,,,,,,,,,,,,,,,,,,,,,,,,,,,,,,,,,,,,,,,,,,,,,,,,,,,,,,,,,,,,,,,,,,,,,,,,,,,,,,,,,,,,,,,,,,,,,,,,,,,,,,,,,,,,,,,,,,,,,,,,,,,,,,,,,,,,,,,,,,,,,,,,,,,,,,,,,,,,,,,,,,,,,,,,,,,,,,,,,,,,,,,,,,,,,,,,,,,,,,,,,,,,,,,,,,,,,,,,,,,,,,,,,
2026,34.8222880604072,11.492024823839794,31.18773740491848,41.095325156124154,7.433866446084989,11.420727415811534,41.18071941939879,40.58930560184445,,7.6075927769175635,,,,,,,,,,,,,,,,,,,,,,,,,,,,,,,,,,,,,,,,,,,,,,,,,,,,,,,,,,,,,,,,,,,,,,,,,,,,,,,,,,,,,,,,,,,,,,,,,,,,,,,,,,,,,,,,,,,,,,,,,,,,,,,,,,,,,,,,,,,,,,,,,,,,,,,,,,,,,,,,,,,,,,,,,,,,,,,,,,,,,,,,,,,,,,,,,,,,,,,,,,,,,,,,,,,,,,,,,,,,,,,,,,,,,,,,,,,,,,,,,,,,,,,,,,,,,,,,,,,,
2027,41.5498452800258,8.074545226733267,34.707007518157226,47.14249020882548,4.447027239720102,8.153874859090669,48.06225489017164,47.918939002943254,,4.493610167876097,,,,,,,,,,,,,,,,,,,,,,,,,,,,,,,,,,,,,,,,,,,,,,,,,,,,,,,,,,,,,,,,,,,,,,,,,,,,,,,,,,,,,,,,,,,,,,,,,,,,,,,,,,,,,,,,,,,,,,,,,,,,,,,,,,,,,,,,,,,,,,,,,,,,,,,,,,,,,,,,,,,,,,,,,,,,,,,,,,,,,,,,,,,,,,,,,,,,,,,,,,,,,,,,,,,,,,,,,,,,,,,,,,,,,,,,,,,,,,,,,,,,,,,,,,,,,,,,,,,,
2028,43.36109535349732,6.981629139364671,35.95232320359586,48.47449985997549,4.004590508600031,6.742882243972514,49.258982303593854,48.68829791286998,,4.232002684672058,,,,,,,,,,,,,,,,,,,,,,,,,,,,,,,,,,,,,,,,,,,,,,,,,,,,,,,,,,,,,,,,,,,,,,,,,,,,,,,,,,,,,,,,,,,,,,,,,,,,,,,,,,,,,,,,,,,,,,,,,,,,,,,,,,,,,,,,,,,,,,,,,,,,,,,,,,,,,,,,,,,,,,,,,,,,,,,,,,,,,,,,,,,,,,,,,,,,,,,,,,,,,,,,,,,,,,,,,,,,,,,,,,,,,,,,,,,,,,,,,,,,,,,,,,,,,,,,,,,,
2029,42.631493624685895,7.586960081238708,35.374494071522825,48.315762371024256,5.364635703295421,8.09243176096163,50.341325871988346,49.22714160689688,,5.9607752623691255,,,,,,,,,,,,,,,,,,,,,,,,,,,,,,,,,,,,,,,,,,,,,,,,,,,,,,,,,,,,,,,,,,,,,,,,,,,,,,,,,,,,,,,,,,,,,,,,,,,,,,,,,,,,,,,,,,,,,,,,,,,,,,,,,,,,,,,,,,,,,,,,,,,,,,,,,,,,,,,,,,,,,,,,,,,,,,,,,,,,,,,,,,,,,,,,,,,,,,,,,,,,,,,,,,,,,,,,,,,,,,,,,,,,,,,,,,,,,,,,,,,,,,,,,,,,,,,,,,,,
2030,41.44624689370324,10.842110907470863,34.948246719887656,48.17775890099545,9.556283242369457,10.887473625762953,50.45830786218366,48.1134313442767,,10.108723393295437,,,,,,,,,,,,,,,,,,,,,,,,,,,,,,,,,,,,,,,,,,,,,,,,,,,,,,,,,,,,,,,,,,,,,,,,,,,,,,,,,,,,,,,,,,,,,,,,,,,,,,,,,,,,,,,,,,,,,,,,,,,,,,,,,,,,,,,,,,,,,,,,,,,,,,,,,,,,,,,,,,,,,,,,,,,,,,,,,,,,,,,,,,,,,,,,,,,,,,,,,,,,,,,,,,,,,,,,,,,,,,,,,,,,,,,,,,,,,,,,,,,,,,,,,,,,,,,,,,,,
2031,41.76662990045983,16.58210439425684,34.75075250268526,47.69859572524695,16.442634592005394,17.252167981835704,51.29828959392299,48.495698707408444,,16.706018748882823,,,,,,,,,,,,,,,,,,,,,,,,,,,,,,,,,,,,,,,,,,,,,,,,,,,,,,,,,,,,,,,,,,,,,,,,,,,,,,,,,,,,,,,,,,,,,,,,,,,,,,,,,,,,,,,,,,,,,,,,,,,,,,,,,,,,,,,,,,,,,,,,,,,,,,,,,,,,,,,,,,,,,,,,,,,,,,,,,,,,,,,,,,,,,,,,,,,,,,,,,,,,,,,,,,,,,,,,,,,,,,,,,,,,,,,,,,,,,,,,,,,,,,,,,,,,,,,,,,,,
2032,41.57903639579481,24.410244557607438,33.66517558340528,49.07622197646405,25.084066546503887,24.97054345824324,49.81734950287072,48.94317521676748,,25.068516659315033,,,,,,,,,,,,,,,,,,,,,,,,,,,,,,,,,,,,,,,,,,,,,,,,,,,,,,,,,,,,,,,,,,,,,,,,,,,,,,,,,,,,,,,,,,,,,,,,,,,,,,,,,,,,,,,,,,,,,,,,,,,,,,,,,,,,,,,,,,,,,,,,,,,,,,,,,,,,,,,,,,,,,,,,,,,,,,,,,,,,,,,,,,,,,,,,,,,,,,,,,,,,,,,,,,,,,,,,,,,,,,,,,,,,,,,,,,,,,,,,,,,,,,,,,,,,,,,,,,,,
2033,41.57501789352315,31.395488979998692,33.20239292699258,49.34329417135864,33.16054547603375,32.4088174640088,49.95126863381832,49.363437909860316,,33.43133238874738,,,,,,,,,,,,,,,,,,,,,,,,,,,,,,,,,,,,,,,,,,,,,,,,,,,,,,,,,,,,,,,,,,,,,,,,,,,,,,,,,,,,,,,,,,,,,,,,,,,,,,,,,,,,,,,,,,,,,,,,,,,,,,,,,,,,,,,,,,,,,,,,,,,,,,,,,,,,,,,,,,,,,,,,,,,,,,,,,,,,,,,,,,,,,,,,,,,,,,,,,,,,,,,,,,,,,,,,,,,,,,,,,,,,,,,,,,,,,,,,,,,,,,,,,,,,,,,,,,,,
2034,41.02688177185658,36.20512259945646,32.70444505138674,49.854696434332084,39.7795252768266,37.67394486120296,49.937248999433585,48.9035481398579,,39.71189383898274,,,,,,,,,,,,,,,,,,,,,,,,,,,,,,,,,,,,,,,,,,,,,,,,,,,,,,,,,,,,,,,,,,,,,,,,,,,,,,,,,,,,,,,,,,,,,,,,,,,,,,,,,,,,,,,,,,,,,,,,,,,,,,,,,,,,,,,,,,,,,,,,,,,,,,,,,,,,,,,,,,,,,,,,,,,,,,,,,,,,,,,,,,,,,,,,,,,,,,,,,,,,,,,,,,,,,,,,,,,,,,,,,,,,,,,,,,,,,,,,,,,,,,,,,,,,,,,,,,,,
2035,38.42726221576595,39.334864501295186,31.795143914183683,47.85286890874875,43.588444245497925,40.66774099135841,47.59145303398767,49.63000664361696,,43.38628125555889,,,,,,,,,,,,,,,,,,,,,,,,,,,,,,,,,,,,,,,,,,,,,,,,,,,,,,,,,,,,,,,,,,,,,,,,,,,,,,,,,,,,,,,,,,,,,,,,,,,,,,,,,,,,,,,,,,,,,,,,,,,,,,,,,,,,,,,,,,,,,,,,,,,,,,,,,,,,,,,,,,,,,,,,,,,,,,,,,,,,,,,,,,,,,,,,,,,,,,,,,,,,,,,,,,,,,,,,,,,,,,,,,,,,,,,,,,,,,,,,,,,,,,,,,,,,,,,,,,,,
2036,34.73016450971334,41.721129116884356,29.758895767954613,45.95024240927227,43.87267763792176,38.42697185484652,41.09216593942015,46.481047492139915,,42.3791446410789,,,,,,,,,,,,,,,,,,,,,,,,,,,,,,,,,,,,,,,,,,,,,,,,,,,,,,,,,,,,,,,,,,,,,,,,,,,,,,,,,,,,,,,,,,,,,,,,,,,,,,,,,,,,,,,,,,,,,,,,,,,,,,,,,,,,,,,,,,,,,,,,,,,,,,,,,,,,,,,,,,,,,,,,,,,,,,,,,,,,,,,,,,,,,,,,,,,,,,,,,,,,,,,,,,,,,,,,,,,,,,,,,,,,,,,,,,,,,,,,,,,,,,,,,,,,,,,,,,,,
2037,31.573977166324,41.44236753675637,28.819721699445434,44.29753665583442,43.156622068485966,33.806772786173575,33.62288206585038,44.95149771468798,,39.631770293980004,,,,,,,,,,,,,,,,,,,,,,,,,,,,,,,,,,,,,,,,,,,,,,,,,,,,,,,,,,,,,,,,,,,,,,,,,,,,,,,,,,,,,,,,,,,,,,,,,,,,,,,,,,,,,,,,,,,,,,,,,,,,,,,,,,,,,,,,,,,,,,,,,,,,,,,,,,,,,,,,,,,,,,,,,,,,,,,,,,,,,,,,,,,,,,,,,,,,,,,,,,,,,,,,,,,,,,,,,,,,,,,,,,,,,,,,,,,,,,,,,,,,,,,,,,,,,,,,,,,,
2038,29.763944164284705,41.811411443326,28.84851296225587,43.805525362850574,43.294496163893136,29.791202485582374,26.842246436912877,43.62602993209412,,36.203868844102644,,,,,,,,,,,,,,,,,,,,,,,,,,,,,,,,,,,,,,,,,,,,,,,,,,,,,,,,,,,,,,,,,,,,,,,,,,,,,,,,,,,,,,,,,,,,,,,,,,,,,,,,,,,,,,,,,,,,,,,,,,,,,,,,,,,,,,,,,,,,,,,,,,,,,,,,,,,,,,,,,,,,,,,,,,,,,,,,,,,,,,,,,,,,,,,,,,,,,,,,,,,,,,,,,,,,,,,,,,,,,,,,,,,,,,,,,,,,,,,,,,,,,,,,,,,,,,,,,,,,
2039,28.416979305061062,41.91480124568652,28.911456628080515,43.817714817011,42.403787702009986,24.743117945488788,22.649683144475464,42.937078194049434,,32.71700092459992,,,,,,,,,,,,,,,,,,,,,,,,,,,,,,,,,,,,,,,,,,,,,,,,,,,,,,,,,,,,,,,,,,,,,,,,,,,,,,,,,,,,,,,,,,,,,,,,,,,,,,,,,,,,,,,,,,,,,,,,,,,,,,,,,,,,,,,,,,,,,,,,,,,,,,,,,,,,,,,,,,,,,,,,,,,,,,,,,,,,,,,,,,,,,,,,,,,,,,,,,,,,,,,,,,,,,,,,,,,,,,,,,,,,,,,,,,,,,,,,,,,,,,,,,,,,,,,,,,,,
2040,26.424234392682063,40.94882384774931,28.01452285308044,43.03298647279893,40.56432708609417,19.599076251025718,18.0675929702491,42.122174645399596,,29.10427317859586,,,,,,,,,,,,,,,,,,,,,,,,,,,,,,,,,,,,,,,,,,,,,,,,,,,,,,,,,,,,,,,,,,,,,,,,,,,,,,,,,,,,,,,,,,,,,,,,,,,,,,,,,,,,,,,,,,,,,,,,,,,,,,,,,,,,,,,,,,,,,,,,,,,,,,,,,,,,,,,,,,,,,,,,,,,,,,,,,,,,,,,,,,,,,,,,,,,,,,,,,,,,,,,,,,,,,,,,,,,,,,,,,,,,,,,,,,,,,,,,,,,,,,,,,,,,,,,,,,,,
2041,24.820661348839895,40.604063243533,26.584814436855,40.68455613312427,37.6511895894299,16.480961856787818,14.805850355232378,40.113923451003856,,25.76291865545612,,,,,,,,,,,,,,,,,,,,,,,,,,,,,,,,,,,,,,,,,,,,,,,,,,,,,,,,,,,,,,,,,,,,,,,,,,,,,,,,,,,,,,,,,,,,,,,,,,,,,,,,,,,,,,,,,,,,,,,,,,,,,,,,,,,,,,,,,,,,,,,,,,,,,,,,,,,,,,,,,,,,,,,,,,,,,,,,,,,,,,,,,,,,,,,,,,,,,,,,,,,,,,,,,,,,,,,,,,,,,,,,,,,,,,,,,,,,,,,,,,,,,,,,,,,,,,,,,,,,
2042,22.84265792621247,38.66365803386314,24.26259051640336,39.43433122546276,35.86694578146287,14.382083004454017,12.497260263251263,38.82065153099271,,23.221871511397307,,,,,,,,,,,,,,,,,,,,,,,,,,,,,,,,,,,,,,,,,,,,,,,,,,,,,,,,,,,,,,,,,,,,,,,,,,,,,,,,,,,,,,,,,,,,,,,,,,,,,,,,,,,,,,,,,,,,,,,,,,,,,,,,,,,,,,,,,,,,,,,,,,,,,,,,,,,,,,,,,,,,,,,,,,,,,,,,,,,,,,,,,,,,,,,,,,,,,,,,,,,,,,,,,,,,,,,,,,,,,,,,,,,,,,,,,,,,,,,,,,,,,,,,,,,,,,,,,,,,
2043,21.359181613300507,37.174093312005645,22.63864619584021,37.89850389030452,34.02634218073468,11.879857426047373,10.346488341200208,37.168749076956786,,20.690494973412225,,,,,,,,,,,,,,,,,,,,,,,,,,,,,,,,,,,,,,,,,,,,,,,,,,,,,,,,,,,,,,,,,,,,,,,,,,,,,,,,,,,,,,,,,,,,,,,,,,,,,,,,,,,,,,,,,,,,,,,,,,,,,,,,,,,,,,,,,,,,,,,,,,,,,,,,,,,,,,,,,,,,,,,,,,,,,,,,,,,,,,,,,,,,,,,,,,,,,,,,,,,,,,,,,,,,,,,,,,,,,,,,,,,,,,,,,,,,,,,,,,,,,,,,,,,,,,,,,,,,
2044,19.80490783837167,36.37750506206378,20.769917261048384,36.17214105022463,31.53992482109094,9.763527916269942,8.61089565978009,35.95132763089814,,18.212417100334303,,,,,,,,,,,,,,,,,,,,,,,,,,,,,,,,,,,,,,,,,,,,,,,,,,,,,,,,,,,,,,,,,,,,,,,,,,,,,,,,,,,,,,,,,,,,,,,,,,,,,,,,,,,,,,,,,,,,,,,,,,,,,,,,,,,,,,,,,,,,,,,,,,,,,,,,,,,,,,,,,,,,,,,,,,,,,,,,,,,,,,,,,,,,,,,,,,,,,,,,,,,,,,,,,,,,,,,,,,,,,,,,,,,,,,,,,,,,,,,,,,,,,,,,,,,,,,,,,,,,
2045,18.31015935243158,34.35930467260485,19.033213197719835,34.79339077056646,29.74465888039134,7.919572740769399,6.586793684776196,34.26941099713785,,16.079056761537682,,,,,,,,,,,,,,,,,,,,,,,,,,,,,,,,,,,,,,,,,,,,,,,,,,,,,,,,,,,,,,,,,,,,,,,,,,,,,,,,,,,,,,,,,,,,,,,,,,,,,,,,,,,,,,,,,,,,,,,,,,,,,,,,,,,,,,,,,,,,,,,,,,,,,,,,,,,,,,,,,,,,,,,,,,,,,,,,,,,,,,,,,,,,,,,,,,,,,,,,,,,,,,,,,,,,,,,,,,,,,,,,,,,,,,,,,,,,,,,,,,,,,,,,,,,,,,,,,,,,
2046,16.082234131147256,32.85757543184862,17.110669384911773,32.99715700633978,27.422969520156773,5.864124769525609,4.645862084741695,32.71200790406608,,13.680060081938201,,,,,,,,,,,,,,,,,,,,,,,,,,,,,,,,,,,,,,,,,,,,,,,,,,,,,,,,,,,,,,,,,,,,,,,,,,,,,,,,,,,,,,,,,,,,,,,,,,,,,,,,,,,,,,,,,,,,,,,,,,,,,,,,,,,,,,,,,,,,,,,,,,,,,,,,,,,,,,,,,,,,,,,,,,,,,,,,,,,,,,,,,,,,,,,,,,,,,,,,,,,,,,,,,,,,,,,,,,,,,,,,,,,,,,,,,,,,,,,,,,,,,,,,,,,,,,,,,,,,
2047,14.904459702942043,32.0283631157816,15.945515082448402,31.583972661209874,26.09320586326315,4.057841801424792,3.039061291201864,31.793045887896326,,11.807036974464397,,,,,,,,,,,,,,,,,,,,,,,,,,,,,,,,,,,,,,,,,,,,,,,,,,,,,,,,,,,,,,,,,,,,,,,,,,,,,,,,,,,,,,,,,,,,,,,,,,,,,,,,,,,,,,,,,,,,,,,,,,,,,,,,,,,,,,,,,,,,,,,,,,,,,,,,,,,,,,,,,,,,,,,,,,,,,,,,,,,,,,,,,,,,,,,,,,,,,,,,,,,,,,,,,,,,,,,,,,,,,,,,,,,,,,,,,,,,,,,,,,,,,,,,,,,,,,,,,,,,
2048,13.293170840333518,30.43518549127415,14.171467454543572,30.47948247969062,24.111481806134083,2.3507680452691067,1.4926880059598338,30.081525495796114,,9.595615737143946,,,,,,,,,,,,,,,,,,,,,,,,,,,,,,,,,,,,,,,,,,,,,,,,,,,,,,,,,,,,,,,,,,,,,,,,,,,,,,,,,,,,,,,,,,,,,,,,,,,,,,,,,,,,,,,,,,,,,,,,,,,,,,,,,,,,,,,,,,,,,,,,,,,,,,,,,,,,,,,,,,,,,,,,,,,,,,,,,,,,,,,,,,,,,,,,,,,,,,,,,,,,,,,,,,,,,,,,,,,,,,,,,,,,,,,,,,,,,,,,,,,,,,,,,,,,,,,,,,,,
2049,11.941341798493623,29.558588574284155,12.761603556580548,29.366567302249496,22.18672669916525,0.5775665616630847,-0.16189882143309223,29.176253691487545,,7.517981447774594,,,,,,,,,,,,,,,,,,,,,,,,,,,,,,,,,,,,,,,,,,,,,,,,,,,,,,,,,,,,,,,,,,,,,,,,,,,,,,,,,,,,,,,,,,,,,,,,,,,,,,,,,,,,,,,,,,,,,,,,,,,,,,,,,,,,,,,,,,,,,,,,,,,,,,,,,,,,,,,,,,,,,,,,,,,,,,,,,,,,,,,,,,,,,,,,,,,,,,,,,,,,,,,,,,,,,,,,,,,,,,,,,,,,,,,,,,,,,,,,,,,,,,,,,,,,,,,,,,,,
2050,10.320519561338878,27.895063815341327,11.503214981624515,28.07313088353006,20.583841894251616,-1.1486064035623367,-1.7497804723903403,28.245723208888112,,5.759906262656507,,,,,,,,,,,,,,,,,,,,,,,,,,,,,,,,,,,,,,,,,,,,,,,,,,,,,,,,,,,,,,,,,,,,,,,,,,,,,,,,,,,,,,,,,,,,,,,,,,,,,,,,,,,,,,,,,,,,,,,,,,,,,,,,,,,,,,,,,,,,,,,,,,,,,,,,,,,,,,,,,,,,,,,,,,,,,,,,,,,,,,,,,,,,,,,,,,,,,,,,,,,,,,,,,,,,,,,,,,,,,,,,,,,,,,,,,,,,,,,,,,,,,,,,,,,,,,,,,,,,
